Key,Material,Amount
AAF:1xBMF-1xSNM=>1xNV2,BMF,1
AAF:1xBMF-1xSNM=>1xNV2,SNM,1
AAF:1xCST-10xES-3xFC-6xFLP-1xPCB-1xSAR-1xWAI=>1xCRU,CST,1
AAF:1xCST-10xES-3xFC-6xFLP-1xPCB-1xSAR-1xWAI=>1xCRU,ES,10
AAF:1xCST-10xES-3xFC-6xFLP-1xPCB-1xSAR-1xWAI=>1xCRU,FC,3
AAF:1xCST-10xES-3xFC-6xFLP-1xPCB-1xSAR-1xWAI=>1xCRU,FLP,6
AAF:1xCST-10xES-3xFC-6xFLP-1xPCB-1xSAR-1xWAI=>1xCRU,PCB,1
AAF:1xCST-10xES-3xFC-6xFLP-1xPCB-1xSAR-1xWAI=>1xCRU,SAR,1
AAF:1xCST-10xES-3xFC-6xFLP-1xPCB-1xSAR-1xWAI=>1xCRU,WAI,1
AAF:1xBMF-1xDA-1xSA=>1xTAC,BMF,1
AAF:1xBMF-1xDA-1xSA=>1xTAC,DA,1
AAF:1xBMF-1xDA-1xSA=>1xTAC,SA,1
AAF:8xFC-100xGV-1xPCB-10xSAR-20xTHF-1xWAI=>1xCC,FC,8
AAF:8xFC-100xGV-1xPCB-10xSAR-20xTHF-1xWAI=>1xCC,GV,100
AAF:8xFC-100xGV-1xPCB-10xSAR-20xTHF-1xWAI=>1xCC,PCB,1
AAF:8xFC-100xGV-1xPCB-10xSAR-20xTHF-1xWAI=>1xCC,SAR,10
AAF:8xFC-100xGV-1xPCB-10xSAR-20xTHF-1xWAI=>1xCC,THF,20
AAF:8xFC-100xGV-1xPCB-10xSAR-20xTHF-1xWAI=>1xCC,WAI,1
AAF:1xTPU-1xWAI=>1xSTS,TPU,1
AAF:1xTPU-1xWAI=>1xSTS,WAI,1
AML:4xAL-1xBOR-1xSI=>4xBOS,AL,4
AML:4xAL-1xBOR-1xSI=>4xBOS,BOR,1
AML:4xAL-1xBOR-1xSI=>4xBOS,SI,1
AML:2xBER=>1xAL-1xBE-1xSIO,BER,2
AML:2xTAI=>1xFE-1xTA,TAI,2
AML:2xZIR=>2xSIO-1xZR,ZIR,2
AML:5xBTS=>1xW,BTS,5
APF:1xAWF-1xFC-12xFLP-1xPCB-1xSEN-1xWAI=>1xWR,AWF,1
APF:1xAWF-1xFC-12xFLP-1xPCB-1xSEN-1xWAI=>1xWR,FC,1
APF:1xAWF-1xFC-12xFLP-1xPCB-1xSEN-1xWAI=>1xWR,FLP,12
APF:1xAWF-1xFC-12xFLP-1xPCB-1xSEN-1xWAI=>1xWR,PCB,1
APF:1xAWF-1xFC-12xFLP-1xPCB-1xSEN-1xWAI=>1xWR,SEN,1
APF:1xAWF-1xFC-12xFLP-1xPCB-1xSEN-1xWAI=>1xWR,WAI,1
APF:1xBMF-1xLD-1xSAL=>1xLOG,BMF,1
APF:1xBMF-1xLD-1xSAL=>1xLOG,LD,1
APF:1xBMF-1xLD-1xSAL=>1xLOG,SAL,1
APF:1xAAR-1xBWS-4xRAD=>1xCOM,AAR,1
APF:1xAAR-1xBWS-4xRAD=>1xCOM,BWS,1
APF:1xAAR-1xBWS-4xRAD=>1xCOM,RAD,4
APF:1xBWS-1xDA-1xOS-1xSAR=>1xRCS,BWS,1
APF:1xBWS-1xDA-1xOS-1xSAR=>1xRCS,DA,1
APF:1xBWS-1xDA-1xOS-1xSAR=>1xRCS,OS,1
APF:1xBWS-1xDA-1xOS-1xSAR=>1xRCS,SAR,1
APF:1xBWS-1xOS-8xTRA=>1xADS,BWS,1
APF:1xBWS-1xOS-8xTRA=>1xADS,OS,1
APF:1xBWS-1xOS-8xTRA=>1xADS,TRA,8
APF:1xBWS-1xDA=>20xWS,BWS,1
APF:1xBWS-1xDA=>20xWS,DA,1
APF:1xBAC-1xFC-1xGV-1xH2O-1xHCP-1xNS-1xPCB-1xSAR-1xWAI=>1xAIR,BAC,1
APF:1xBAC-1xFC-1xGV-1xH2O-1xHCP-1xNS-1xPCB-1xSAR-1xWAI=>1xAIR,FC,1
APF:1xBAC-1xFC-1xGV-1xH2O-1xHCP-1xNS-1xPCB-1xSAR-1xWAI=>1xAIR,GV,1
APF:1xBAC-1xFC-1xGV-1xH2O-1xHCP-1xNS-1xPCB-1xSAR-1xWAI=>1xAIR,H2O,1
APF:1xBAC-1xFC-1xGV-1xH2O-1xHCP-1xNS-1xPCB-1xSAR-1xWAI=>1xAIR,HCP,1
APF:1xBAC-1xFC-1xGV-1xH2O-1xHCP-1xNS-1xPCB-1xSAR-1xWAI=>1xAIR,NS,1
APF:1xBAC-1xFC-1xGV-1xH2O-1xHCP-1xNS-1xPCB-1xSAR-1xWAI=>1xAIR,PCB,1
APF:1xBAC-1xFC-1xGV-1xH2O-1xHCP-1xNS-1xPCB-1xSAR-1xWAI=>1xAIR,SAR,1
APF:1xBAC-1xFC-1xGV-1xH2O-1xHCP-1xNS-1xPCB-1xSAR-1xWAI=>1xAIR,WAI,1
APF:1xFC-1xSAR-10xTHF-1xWAI=>1xACS,FC,1
APF:1xFC-1xSAR-10xTHF-1xWAI=>1xACS,SAR,1
APF:1xFC-1xSAR-10xTHF-1xWAI=>1xACS,THF,10
APF:1xFC-1xSAR-10xTHF-1xWAI=>1xACS,WAI,1
APF:1xAIR-1xBMF-1xWAI-1xWR=>1xLIS,AIR,1
APF:1xAIR-1xBMF-1xWAI-1xWR=>1xLIS,BMF,1
APF:1xAIR-1xBMF-1xWAI-1xWR=>1xLIS,WAI,1
APF:1xAIR-1xBMF-1xWAI-1xWR=>1xLIS,WR,1
APF:1xSNM-1xWS=>1xNV1,SNM,1
APF:1xSNM-1xWS=>1xNV1,WS,1
APF:2xHPC-1xLD=>32xPDA,HPC,2
APF:2xHPC-1xLD=>32xPDA,LD,1
APF:1xBMF-1xDA-5xW-1xWAI=>1xFFC,BMF,1
APF:1xBMF-1xDA-5xW-1xWAI=>1xFFC,DA,1
APF:1xBMF-1xDA-5xW-1xWAI=>1xFFC,W,5
APF:1xBMF-1xDA-5xW-1xWAI=>1xFFC,WAI,1
ASM:1xAL-3xTI=>4xAST,AL,1
ASM:1xAL-3xTI=>4xAST,TI,3
ASM:1xFE-3xTI=>4xFET,FE,1
ASM:1xFE-3xTI=>4xFET,TI,3
ASM:3xAL-1xW=>4xWAL,AL,3
ASM:3xAL-1xW=>4xWAL,W,1
ASM:1xO-1xSI-2xWAL=>1xCTF,O,1
ASM:1xO-1xSI-2xWAL=>1xCTF,SI,1
ASM:1xO-1xSI-2xWAL=>1xCTF,WAL,2
ASM:3xAL-3xFE=>6xFAL,AL,3
ASM:3xAL-3xFE=>6xFAL,FE,3
BMP:100xPE-25xPG=>20xOVE,PE,100
BMP:100xPE-25xPG=>20xOVE,PG,25
BMP:1xAL-1xMFK-10xOVE=>10xEXO,AL,1
BMP:1xAL-1xMFK-10xOVE=>10xEXO,MFK,1
BMP:1xAL-1xMFK-10xOVE=>10xEXO,OVE,10
BMP:1xAL-10xOVE-1xSWF=>10xEXO,AL,1
BMP:1xAL-10xOVE-1xSWF=>10xEXO,OVE,10
BMP:1xAL-10xOVE-1xSWF=>10xEXO,SWF,1
BMP:1xAL-10xOVE=>10xEXO,AL,1
BMP:1xAL-10xOVE=>10xEXO,OVE,10
BMP:1xC-2xH=>200xPE,C,1
BMP:1xC-2xH=>200xPE,H,2
BMP:1xCOT-10xPG=>30xOVE,COT,1
BMP:1xCOT-10xPG=>30xOVE,PG,10
BMP:1xCOT-50xPG=>20xPWO,COT,1
BMP:1xCOT-50xPG=>20xPWO,PG,50
BMP:8xINS-1xMFK-1xSFK=>4xREP,INS,8
BMP:8xINS-1xMFK-1xSFK=>4xREP,MFK,1
BMP:8xINS-1xMFK-1xSFK=>4xREP,SFK,1
BMP:1xMGS=>6xMG,MGS,1
BMP:50xPE-1xRCO=>20xOVE,PE,50
BMP:50xPE-1xRCO=>20xOVE,RCO,1
BMP:30xPG-1xS-1xSI=>30xSEA,PG,30
BMP:30xPG-1xS-1xSI=>30xSEA,S,1
BMP:30xPG-1xS-1xSI=>30xSEA,SI,1
BMP:1xSTL-1xTRN=>7xPT,STL,1
BMP:1xSTL-1xTRN=>7xPT,TRN,1
BMP:1xSTL-1xW=>10xPT,STL,1
BMP:1xSTL-1xW=>10xPT,W,1
BMP:2xSFK-1xSTL=>6xPT,SFK,2
BMP:2xSFK-1xSTL=>6xPT,STL,1
BMP:1xSTL=>5xPT,STL,1
BMP:10xC-20xOVE=>20xSUN,C,10
BMP:10xC-20xOVE=>20xSUN,OVE,20
BMP:20xEPO-20xPG=>50xOFF,EPO,20
BMP:20xEPO-20xPG=>50xOFF,PG,20
BMP:3xCLI=>1xI,CLI,3
BMP:4xLST-2xSIO=>50xMCG,LST,4
BMP:4xLST-2xSIO=>50xMCG,SIO,2
BMP:4xAL-50xPE=>2xSTR,AL,4
BMP:4xAL-50xPE=>2xSTR,PE,50
CHP:10xAMM-4xREA=>10xPFE,AMM,10
CHP:10xAMM-4xREA=>10xPFE,REA,4
CHP:20xBRM-10xCLI=>16xSOI,BRM,20
CHP:20xBRM-10xCLI=>16xSOI,CLI,10
CHP:1xLST=>10xFLX,LST,1
CHP:1xLST=>1xCA,LST,1
CHP:1xCU-1xMG-1xS=>1xIND,CU,1
CHP:1xCU-1xMG-1xS=>1xIND,MG,1
CHP:1xCU-1xMG-1xS=>1xIND,S,1
CHP:1xBOR-5xH-1xNA=>20xNAB,BOR,1
CHP:1xBOR-5xH-1xNA=>20xNAB,H,5
CHP:1xBOR-5xH-1xNA=>20xNAB,NA,1
CHP:1xO-1xSI=>1xLCR,O,1
CHP:1xO-1xSI=>1xLCR,SI,1
CHP:25xBRM=>10xREA,BRM,25
CHP:2xCA-1xMG-1xTA=>20xSC,CA,2
CHP:2xCA-1xMG-1xTA=>20xSC,MG,1
CHP:2xCA-1xMG-1xTA=>20xSC,TA,1
CHP:2xH2O-1xLST-2xN=>4xNS,H2O,2
CHP:2xH2O-1xLST-2xN=>4xNS,LST,1
CHP:2xH2O-1xLST-2xN=>4xNS,N,2
CHP:1xH2O-3xHAL=>1xCL-2xNA,H2O,1
CHP:1xH2O-3xHAL=>1xCL-2xNA,HAL,3
CHP:1xAL-4xCOT-1xHER-50xPE=>16xMED,AL,1
CHP:1xAL-4xCOT-1xHER-50xPE=>16xMED,COT,4
CHP:1xAL-4xCOT-1xHER-50xPE=>16xMED,HER,1
CHP:1xAL-4xCOT-1xHER-50xPE=>16xMED,PE,50
CHP:10xREA-6xVEG=>6xOLF,REA,10
CHP:10xREA-6xVEG=>6xOLF,VEG,6
CLF:6xGC-1xIND-1xNL=>10xHMS,GC,6
CLF:6xGC-1xIND-1xNL=>10xHMS,IND,1
CLF:6xGC-1xIND-1xNL=>10xHMS,NL,1
CLF:1xBLE-10xHD-10xPCB-2xSIL=>10xLC,BLE,1
CLF:1xBLE-10xHD-10xPCB-2xSIL=>10xLC,HD,10
CLF:1xBLE-10xHD-10xPCB-2xSIL=>10xLC,PCB,10
CLF:1xBLE-10xHD-10xPCB-2xSIL=>10xLC,SIL,2
CLF:1xBLE-5xNL-5xPCB-5xSEN=>20xHSS,BLE,1
CLF:1xBLE-5xNL-5xPCB-5xSEN=>20xHSS,NL,5
CLF:1xBLE-5xNL-5xPCB-5xSEN=>20xHSS,PCB,5
CLF:1xBLE-5xNL-5xPCB-5xSEN=>20xHSS,SEN,5
CLR:10xC-2xSI=>1200xNFI,C,10
CLR:10xC-2xSI=>1200xNFI,SI,2
CLR:1xAL-1xSI=>10xTRN,AL,1
CLR:1xAL-1xSI=>10xTRN,SI,1
CLR:1xCAP-1xSWF-1xTRN=>1xTRA,CAP,1
CLR:1xCAP-1xSWF-1xTRN=>1xTRA,SWF,1
CLR:1xCAP-1xSWF-1xTRN=>1xTRA,TRN,1
CLR:1xC=>100xNCS,C,1
CLR:1xGAL-1xSI=>6xLDI,GAL,1
CLR:1xGAL-1xSI=>6xLDI,SI,1
CLR:1xAL-1xSI=>30xSWF,AL,1
CLR:1xAL-1xSI=>30xSWF,SI,1
CLR:1xFE-1xSI=>15xCAP,FE,1
CLR:1xFE-1xSI=>15xCAP,SI,1
CLR:1xCBS-2xCF=>1xSFE,CBS,1
CLR:1xCBS-2xCF=>1xSFE,CF,2
CLR:2xNCS=>2xMTC,NCS,2
CLR:2xAL-2xSI=>20xMWF,AL,2
CLR:2xAL-2xSI=>20xMWF,SI,2
CLR:1xCBM-4xCF=>1xMFE,CBM,1
CLR:1xCBM-4xCF=>1xMFE,CF,4
DRS:1xBSC-1xDCH=>1xCCD,BSC,1
DRS:1xBSC-1xDCH=>1xCCD,DCH,1
DRS:1xDRF-1xMPC-1xPOW-1xSOL=>1xDCH,DRF,1
DRS:1xDRF-1xMPC-1xPOW-1xSOL=>1xDCH,MPC,1
DRS:1xDRF-1xMPC-1xPOW-1xSOL=>1xDCH,POW,1
DRS:1xDRF-1xMPC-1xPOW-1xSOL=>1xDCH,SOL,1
DRS:1xBSC-1xDCH-1xSAR=>1xSUD,BSC,1
DRS:1xBSC-1xDCH-1xSAR=>1xSUD,DCH,1
DRS:1xBSC-1xDCH-1xSAR=>1xSUD,SAR,1
DRS:1xDCH-1xSAR=>1xRED,DCH,1
DRS:1xDCH-1xSAR=>1xRED,SAR,1
DRS:1xDCH-1xSAR-2xUTS=>1xSRD,DCH,1
DRS:1xDCH-1xSAR-2xUTS=>1xSRD,SAR,1
DRS:1xDCH-1xSAR-2xUTS=>1xSRD,UTS,2
DRS:1xBSC-1xDCH-1xSEQ=>1xSDR,BSC,1
DRS:1xBSC-1xDCH-1xSEQ=>1xSDR,DCH,1
DRS:1xBSC-1xDCH-1xSEQ=>1xSDR,SEQ,1
DRS:1xDCS-50xNFI=>1xDRF,DCS,1
DRS:1xDCS-50xNFI=>1xDRF,NFI,50
ECA:12xBE-60xHCC-12xLI-150xPG=>1xCBL,BE,12
ECA:12xBE-60xHCC-12xLI-150xPG=>1xCBL,HCC,60
ECA:12xBE-60xHCC-12xLI-150xPG=>1xCBL,LI,12
ECA:12xBE-60xHCC-12xLI-150xPG=>1xCBL,PG,150
ECA:4xLI-1xNCS=>1xPOW,LI,4
ECA:4xLI-1xNCS=>1xPOW,NCS,1
ECA:4xBCO-1xBRO-2xCU-2xSI=>12xSOL,BCO,4
ECA:4xBCO-1xBRO-2xCU-2xSI=>12xSOL,BRO,1
ECA:4xBCO-1xBRO-2xCU-2xSI=>12xSOL,CU,2
ECA:4xBCO-1xBRO-2xCU-2xSI=>12xSOL,SI,2
ECA:1xACS-8xAFR-10xCTF-4xEES-1xRCS-10xWAL=>1xFIR,ACS,1
ECA:1xACS-8xAFR-10xCTF-4xEES-1xRCS-10xWAL=>1xFIR,AFR,8
ECA:1xACS-8xAFR-10xCTF-4xEES-1xRCS-10xWAL=>1xFIR,CTF,10
ECA:1xACS-8xAFR-10xCTF-4xEES-1xRCS-10xWAL=>1xFIR,EES,4
ECA:1xACS-8xAFR-10xCTF-4xEES-1xRCS-10xWAL=>1xFIR,RCS,1
ECA:1xACS-8xAFR-10xCTF-4xEES-1xRCS-10xWAL=>1xFIR,WAL,10
ECA:1xACS-8xAST-4xBFR-6xCF-4xETC-1xRCS=>1xRAG,ACS,1
ECA:1xACS-8xAST-4xBFR-6xCF-4xETC-1xRCS=>1xRAG,AST,8
ECA:1xACS-8xAST-4xBFR-6xCF-4xETC-1xRCS=>1xRAG,BFR,4
ECA:1xACS-8xAST-4xBFR-6xCF-4xETC-1xRCS=>1xRAG,CF,6
ECA:1xACS-8xAST-4xBFR-6xCF-4xETC-1xRCS=>1xRAG,ETC,4
ECA:1xACS-8xAST-4xBFR-6xCF-4xETC-1xRCS=>1xRAG,RCS,1
ECA:20xBCO-6xBE-6xLI-60xPG=>1xCBS,BCO,20
ECA:20xBCO-6xBE-6xLI-60xPG=>1xCBS,BE,6
ECA:20xBCO-6xBE-6xLI-60xPG=>1xCBS,LI,6
ECA:20xBCO-6xBE-6xLI-60xPG=>1xCBS,PG,60
ECA:8xGL-24xSOL=>12xSP,GL,8
ECA:8xGL-24xSOL=>12xSP,SOL,24
ECA:8xBE-40xBGC-8xLI-120xPG=>1xCBM,BE,8
ECA:8xBE-40xBGC-8xLI-120xPG=>1xCBM,BGC,40
ECA:8xBE-40xBGC-8xLI-120xPG=>1xCBM,LI,8
ECA:8xBE-40xBGC-8xLI-120xPG=>1xCBM,PG,120
EDM:4xCU-100xPE=>8xSCN,CU,4
EDM:4xCU-100xPE=>8xSCN,PE,100
EDM:1xDCS-1xHD-1xNG=>1xHOG,DCS,1
EDM:1xDCS-1xHD-1xNG=>1xHOG,HD,1
EDM:1xDCS-1xHD-1xNG=>1xHOG,NG,1
EDM:1xDCS-1xPOW-1xSFK=>1xRAD,DCS,1
EDM:1xDCS-1xPOW-1xSFK=>1xRAD,POW,1
EDM:1xDCS-1xPOW-1xSFK=>1xRAD,SFK,1
EDM:1xPCB-1xTRA=>1xMHP,PCB,1
EDM:1xPCB-1xTRA=>1xMHP,TRA,1
EDM:2xCD-1xKV-2xSAR=>2xBID,CD,2
EDM:2xCD-1xKV-2xSAR=>2xBID,KV,1
EDM:2xCD-1xKV-2xSAR=>2xBID,SAR,2
EEP:1xES-4xFLX-4xREA=>1xEES,ES,1
EEP:1xES-4xFLX-4xREA=>1xEES,FLX,4
EEP:1xES-4xFLX-4xREA=>1xEES,REA,4
EEP:1xLES=>10xES,LES,1
ELP:4xPCB-16xSEN=>1xSAR,PCB,4
ELP:4xPCB-16xSEN=>1xSAR,SEN,16
ELP:2xBCO-1xDIS=>1xCD,BCO,2
ELP:2xBCO-1xDIS=>1xCD,DIS,1
ELP:2xAU-1xKV-4xPCB-6xSWF=>3xAAR,AU,2
ELP:2xAU-1xKV-4xPCB-6xSWF=>3xAAR,KV,1
ELP:2xAU-1xKV-4xPCB-6xSWF=>3xAAR,PCB,4
ELP:2xAU-1xKV-4xPCB-6xSWF=>3xAAR,SWF,6
ELP:10xBAC-1xMAG-10xPE=>5xAWF,BAC,10
ELP:10xBAC-1xMAG-10xPE=>5xAWF,MAG,1
ELP:10xBAC-1xMAG-10xPE=>5xAWF,PE,10
ELP:1xDCM-1xHD-1xMB=>1xBWS,DCM,1
ELP:1xDCM-1xHD-1xMB=>1xBWS,HD,1
ELP:1xDCM-1xHD-1xMB=>1xBWS,MB,1
ELP:1xCD-1xDCS-1xMB=>1xHPC,CD,1
ELP:1xCD-1xDCS-1xMB=>1xHPC,DCS,1
ELP:1xCD-1xDCS-1xMB=>1xHPC,MB,1
ELP:1xDCL-1xFAN-1xMB-1xTPU=>1xBMF,DCL,1
ELP:1xDCL-1xFAN-1xMB-1xTPU=>1xBMF,FAN,1
ELP:1xDCL-1xFAN-1xMB-1xTPU=>1xBMF,MB,1
ELP:1xDCL-1xFAN-1xMB-1xTPU=>1xBMF,TPU,1
ELP:1xCBL-3xCTF=>1xLFE,CBL,1
ELP:1xCBL-3xCTF=>1xLFE,CTF,3
FER:1xAMM-1xCA-10xDW-1xI-4xPIB=>20xVIT,AMM,1
FER:1xAMM-1xCA-10xDW-1xI-4xPIB=>20xVIT,CA,1
FER:1xAMM-1xCA-10xDW-1xI-4xPIB=>20xVIT,DW,10
FER:1xAMM-1xCA-10xDW-1xI-4xPIB=>20xVIT,I,1
FER:1xAMM-1xCA-10xDW-1xI-4xPIB=>20xVIT,PIB,4
FER:1xAMM-20xDW-15xGRA-15xREA=>10xWIN,AMM,1
FER:1xAMM-20xDW-15xGRA-15xREA=>10xWIN,DW,20
FER:1xAMM-20xDW-15xGRA-15xREA=>10xWIN,GRA,15
FER:1xAMM-20xDW-15xGRA-15xREA=>10xWIN,REA,15
FER:1xAMM-2xDW-1xES-2xGRN=>4xGIN,AMM,1
FER:1xAMM-2xDW-1xES-2xGRN=>4xGIN,DW,2
FER:1xAMM-2xDW-1xES-2xGRN=>4xGIN,ES,1
FER:1xAMM-2xDW-1xES-2xGRN=>4xGIN,GRN,2
FER:1xAMM-3xDW-2xGRN-1xHOP=>6xALE,AMM,1
FER:1xAMM-3xDW-2xGRN-1xHOP=>6xALE,DW,3
FER:1xAMM-3xDW-2xGRN-1xHOP=>6xALE,GRN,2
FER:1xAMM-3xDW-2xGRN-1xHOP=>6xALE,HOP,1
FER:1xAMM-4xDW-1xHER=>6xKOM,AMM,1
FER:1xAMM-4xDW-1xHER=>6xKOM,DW,4
FER:1xAMM-4xDW-1xHER=>6xKOM,HER,1
FP:10xH2O-1xPG=>10xDW,H2O,10
FP:10xH2O-1xPG=>10xDW,PG,1
FP:10xH2O=>7xDW,H2O,10
FP:1xALG-1xBEA-1xH2O=>6xPPA,ALG,1
FP:1xALG-1xBEA-1xH2O=>6xPPA,BEA,1
FP:1xALG-1xBEA-1xH2O=>6xPPA,H2O,1
FP:1xCAF-3xDW=>3xCOF,CAF,1
FP:1xCAF-3xDW=>3xCOF,DW,3
FP:1xALG-1xGRN-1xNUT=>10xRAT,ALG,1
FP:1xALG-1xGRN-1xNUT=>10xRAT,GRN,1
FP:1xALG-1xGRN-1xNUT=>10xRAT,NUT,1
FP:1xALG-1xGRN-1xVEG=>10xRAT,ALG,1
FP:1xALG-1xGRN-1xVEG=>10xRAT,GRN,1
FP:1xALG-1xGRN-1xVEG=>10xRAT,VEG,1
FP:1xBEA-1xGRN-1xNUT=>10xRAT,BEA,1
FP:1xBEA-1xGRN-1xNUT=>10xRAT,GRN,1
FP:1xBEA-1xGRN-1xNUT=>10xRAT,NUT,1
FP:1xBEA-1xGRN-1xVEG=>10xRAT,BEA,1
FP:1xBEA-1xGRN-1xVEG=>10xRAT,GRN,1
FP:1xBEA-1xGRN-1xVEG=>10xRAT,VEG,1
FP:1xALG-1xMAI-1xNUT=>10xRAT,ALG,1
FP:1xALG-1xMAI-1xNUT=>10xRAT,MAI,1
FP:1xALG-1xMAI-1xNUT=>10xRAT,NUT,1
FP:1xALG-1xMAI-1xVEG=>10xRAT,ALG,1
FP:1xALG-1xMAI-1xVEG=>10xRAT,MAI,1
FP:1xALG-1xMAI-1xVEG=>10xRAT,VEG,1
FP:1xBEA-1xMAI-1xNUT=>10xRAT,BEA,1
FP:1xBEA-1xMAI-1xNUT=>10xRAT,MAI,1
FP:1xBEA-1xMAI-1xNUT=>10xRAT,NUT,1
FP:1xBEA-1xMAI-1xVEG=>10xRAT,BEA,1
FP:1xBEA-1xMAI-1xVEG=>10xRAT,MAI,1
FP:1xBEA-1xMAI-1xVEG=>10xRAT,VEG,1
FP:1xGRN-1xMUS-1xNUT=>10xRAT,GRN,1
FP:1xGRN-1xMUS-1xNUT=>10xRAT,MUS,1
FP:1xGRN-1xMUS-1xNUT=>10xRAT,NUT,1
FP:1xMAI-1xMUS-1xNUT=>10xRAT,MAI,1
FP:1xMAI-1xMUS-1xNUT=>10xRAT,MUS,1
FP:1xMAI-1xMUS-1xNUT=>10xRAT,NUT,1
FP:1xGRN-1xMUS-1xVEG=>10xRAT,GRN,1
FP:1xGRN-1xMUS-1xVEG=>10xRAT,MUS,1
FP:1xGRN-1xMUS-1xVEG=>10xRAT,VEG,1
FP:1xMAI-1xMUS-1xVEG=>10xRAT,MAI,1
FP:1xMAI-1xMUS-1xVEG=>10xRAT,MUS,1
FP:1xMAI-1xMUS-1xVEG=>10xRAT,VEG,1
FP:2xALG-1xH2O=>4xPPA,ALG,2
FP:2xALG-1xH2O=>4xPPA,H2O,1
FP:2xBEA-1xH2O=>4xPPA,BEA,2
FP:2xBEA-1xH2O=>4xPPA,H2O,1
FP:2xFIM-1xMTP=>2xMEA,FIM,2
FP:2xFIM-1xMTP=>2xMEA,MTP,1
FP:1xHER-2xRAT=>2xFIM,HER,1
FP:1xHER-2xRAT=>2xFIM,RAT,2
FP:5xMAI-5xNUT-5xVEG=>16xFOD,MAI,5
FP:5xMAI-5xNUT-5xVEG=>16xFOD,NUT,5
FP:5xMAI-5xNUT-5xVEG=>16xFOD,VEG,5
FRM:1xH2O=>12xNUT,H2O,1
FRM:1xH2O=>2xBEA,H2O,1
FRM:1xH2O=>4xGRN,H2O,1
FRM:2xH2O-4xNS=>2xRCO,H2O,2
FRM:2xH2O-4xNS=>2xRCO,NS,4
FRM:2xH2O=>1xRCO,H2O,2
FRM:2xH2O=>4xHCP,H2O,2
FRM:3xH2O=>4xVEG,H2O,3
FRM:1xDDT-4xH2O=>4xHER,DDT,1
FRM:1xDDT-4xH2O=>4xHER,H2O,4
FRM:4xH2O=>12xMAI,H2O,4
FRM:4xH2O=>4xGRN,H2O,4
FRM:6xH2O=>4xBEA,H2O,6
FS:10xAL-4xSTL=>1xFLO,AL,10
FS:10xAL-4xSTL=>1xFLO,STL,4
FS:1xAL-2xCU=>3xBRO,AL,1
FS:1xAL-2xCU=>3xBRO,CU,2
FS:1xBGO-300xPE=>10xBGC,BGO,1
FS:1xBGO-300xPE=>10xBGC,PE,300
FS:1xCU-300xPE=>10xBCO,CU,1
FS:1xCU-300xPE=>10xBCO,PE,300
FS:1xFE=>16xSFK,FE,1
FS:300xPE-1xRGO=>10xHCC,PE,300
FS:300xPE-1xRGO=>10xHCC,RGO,1
FS:1xAL-1xSTL=>1xBFR,AL,1
FS:1xAL-1xSTL=>1xBFR,STL,1
FS:1xSTL=>8xMFK,STL,1
FS:1xAL-1xZR=>1xAFR,AL,1
FS:1xAL-1xZR=>1xAFR,ZR,1
FS:6xFE-2xSFK=>1xUTS,FE,6
FS:6xFE-2xSFK=>1xUTS,SFK,2
FS:1xHOG-2xSTL-2xTI=>1xSEQ,HOG,1
FS:1xHOG-2xSTL-2xTI=>1xSEQ,STL,2
FS:1xHOG-2xSTL-2xTI=>1xSEQ,TI,2
FS:4xAU-1xCU=>5xRGO,AU,4
FS:4xAU-1xCU=>5xRGO,CU,1
FS:4xAU-1xFE=>5xBGO,AU,4
FS:4xAU-1xFE=>5xBGO,FE,1
GF:10xGL-10xNCS=>10xNG,GL,10
GF:10xGL-10xNCS=>10xNG,NCS,10
GF:10xGL-15xPG-1xSEN=>10xRG,GL,10
GF:10xGL-15xPG-1xSEN=>10xRG,PG,15
GF:10xGL-15xPG-1xSEN=>10xRG,SEN,1
GF:10xGL-15xPG=>10xRG,GL,10
GF:10xGL-15xPG=>10xRG,PG,15
GF:10xGL=>20xTUB,GL,10
GF:16xNE-8xRG=>1xLIT,NE,16
GF:16xNE-8xRG=>1xLIT,RG,8
GF:1xGV-20xRG=>1xGCH,GV,1
GF:1xGV-20xRG=>1xGCH,RG,20
GF:1xGCH-20xRG-1xTI=>1xGNZ,GCH,1
GF:1xGCH-20xRG-1xTI=>1xGNZ,RG,20
GF:1xGCH-20xRG-1xTI=>1xGNZ,TI,1
GF:1xFLX-1xNA-2xSIO=>12xGL,FLX,1
GF:1xFLX-1xNA-2xSIO=>12xGL,NA,1
GF:1xFLX-1xNA-2xSIO=>12xGL,SIO,2
GF:1xNA-1xSEN-2xSIO=>10xGL,NA,1
GF:1xNA-1xSEN-2xSIO=>10xGL,SEN,1
GF:1xNA-1xSEN-2xSIO=>10xGL,SIO,2
GF:1xNA-2xSIO=>10xGL,NA,1
GF:1xNA-2xSIO=>10xGL,SIO,2
GF:4xGNZ-4xLFP-1xMFK-50xNG-10xTHF=>1xGEN,GNZ,4
GF:4xGNZ-4xLFP-1xMFK-50xNG-10xTHF=>1xGEN,LFP,4
GF:4xGNZ-4xLFP-1xMFK-50xNG-10xTHF=>1xGEN,MFK,1
GF:4xGNZ-4xLFP-1xMFK-50xNG-10xTHF=>1xGEN,NG,50
GF:4xGNZ-4xLFP-1xMFK-50xNG-10xTHF=>1xGEN,THF,10
HWP:12xAL-1xHE=>4xLHP,AL,12
HWP:12xAL-1xHE=>4xLHP,HE,1
HWP:12xAL-1xHE-1xSTL=>4xBHP,AL,12
HWP:12xAL-1xHE-1xSTL=>4xBHP,HE,1
HWP:12xAL-1xHE-1xSTL=>4xBHP,STL,1
HWP:12xAL-4xAST-1xHE=>4xHHP,AL,12
HWP:12xAL-4xAST-1xHE=>4xHHP,AST,4
HWP:12xAL-4xAST-1xHE=>4xHHP,HE,1
HWP:12xAL-1xHE-4xTI=>4xRHP,AL,12
HWP:12xAL-1xHE-4xTI=>4xRHP,HE,1
HWP:12xAL-1xHE-4xTI=>4xRHP,TI,4
HWP:2xBOS-2xCTF-1xHE=>2xATP,BOS,2
HWP:2xBOS-2xCTF-1xHE=>2xATP,CTF,2
HWP:2xBOS-2xCTF-1xHE=>2xATP,HE,1
HWP:4xCF-2xFAL-1xHE-1xKV=>8xBWH,CF,4
HWP:4xCF-2xFAL-1xHE-1xKV=>8xBWH,FAL,2
HWP:4xCF-2xFAL-1xHE-1xKV=>8xBWH,HE,1
HWP:4xCF-2xFAL-1xHE-1xKV=>8xBWH,KV,1
HWP:4xCTF-1xHE-2xTI-2xTK=>8xAWH,CTF,4
HWP:4xCTF-1xHE-2xTI-2xTK=>8xAWH,HE,1
HWP:4xCTF-1xHE-2xTI-2xTK=>8xAWH,TI,2
HWP:4xCTF-1xHE-2xTI-2xTK=>8xAWH,TK,2
HWP:8xAL-10xFET-1xHE=>4xAHP,AL,8
HWP:8xAL-10xFET-1xHE=>4xAHP,FET,10
HWP:8xAL-10xFET-1xHE=>4xAHP,HE,1
HYF:10xH2O-4xNS=>2xRCO,H2O,10
HYF:10xH2O-4xNS=>2xRCO,NS,4
HYF:14xH2O-1xNS=>8xHCP,H2O,14
HYF:14xH2O-1xNS=>8xHCP,NS,1
HYF:16xH2O-1xNS=>6xVEG,H2O,16
HYF:16xH2O-1xNS=>6xVEG,NS,1
HYF:16xH2O-2xNS=>12xALG,H2O,16
HYF:16xH2O-2xNS=>12xALG,NS,2
HYF:1xNS=>4xMUS,NS,1
HYF:20xH2O-2xNS=>12xMAI,H2O,20
HYF:20xH2O-2xNS=>12xMAI,NS,2
HYF:22xH2O-3xNS=>2xCAF,H2O,22
HYF:22xH2O-3xNS=>2xCAF,NS,3
HYF:4xNS=>12xMUS,NS,4
INC:4xGRN=>4xC,GRN,4
INC:2xGRN-4xHCP-2xMAI=>4xC,GRN,2
INC:2xGRN-4xHCP-2xMAI=>4xC,HCP,4
INC:2xGRN-4xHCP-2xMAI=>4xC,MAI,2
INC:2xGRN-4xHCP=>4xC,GRN,2
INC:2xGRN-4xHCP=>4xC,HCP,4
INC:4xHCP-2xMAI=>4xC,HCP,4
INC:4xHCP-2xMAI=>4xC,MAI,2
INC:4xHCP=>4xC,HCP,4
INC:4xMAI=>4xC,MAI,4
IVP:16xH2O-1xHCP-1xNS=>8xRSI,H2O,16
IVP:16xH2O-1xHCP-1xNS=>8xRSI,HCP,1
IVP:16xH2O-1xHCP-1xNS=>8xRSI,NS,1
IVP:1xHCP-1xNS-1xPPA=>4xMTP,HCP,1
IVP:1xHCP-1xNS-1xPPA=>4xMTP,NS,1
IVP:1xHCP-1xNS-1xPPA=>4xMTP,PPA,1
IVP:2xBAC-2xBL-4xREA-2xVIT=>20xVG,BAC,2
IVP:2xBAC-2xBL-4xREA-2xVIT=>20xVG,BL,2
IVP:2xBAC-2xBL-4xREA-2xVIT=>20xVG,REA,4
IVP:2xBAC-2xBL-4xREA-2xVIT=>20xVG,VIT,2
LAB:5xBL-5xCST-10xHEX-1xPK=>30xJUI,BL,5
LAB:5xBL-5xCST-10xHEX-1xPK=>30xJUI,CST,5
LAB:5xBL-5xCST-10xHEX-1xPK=>30xJUI,HEX,10
LAB:5xBL-5xCST-10xHEX-1xPK=>30xJUI,PK,1
LAB:10xNAB-2xO-3xS=>4xBLE,NAB,10
LAB:10xNAB-2xO-3xS=>4xBLE,O,2
LAB:10xNAB-2xO-3xS=>4xBLE,S,3
LAB:1xC-1xCL-1xH=>3xDDT,C,1
LAB:1xC-1xCL-1xH=>3xDDT,CL,1
LAB:1xC-1xCL-1xH=>3xDDT,H,1
LAB:1xCL-1xH-1xO=>3xTCL,CL,1
LAB:1xCL-1xH-1xO=>3xTCL,H,1
LAB:1xCL-1xH-1xO=>3xTCL,O,1
LAB:1xALG-1xES-1xTHF=>4xNST,ALG,1
LAB:1xALG-1xES-1xTHF=>4xNST,ES,1
LAB:1xALG-1xES-1xTHF=>4xNST,THF,1
LAB:1xF-1xO=>2xBL,F,1
LAB:1xF-1xO=>2xBL,O,1
LAB:1xHCP-1xO-1xS=>10xBAC,HCP,1
LAB:1xHCP-1xO-1xS=>10xBAC,O,1
LAB:1xHCP-1xO-1xS=>10xBAC,S,1
LAB:1xCL-1xNA-1xO=>3xBLE,CL,1
LAB:1xCL-1xNA-1xO=>3xBLE,NA,1
LAB:1xCL-1xNA-1xO=>3xBLE,O,1
LAB:1xDW-1xNS=>3xCST,DW,1
LAB:1xDW-1xNS=>3xCST,NS,1
LAB:4xAMM-4xH2O-4xNA=>20xTHF,AMM,4
LAB:4xAMM-4xH2O-4xNA=>20xTHF,H2O,4
LAB:4xAMM-4xH2O-4xNA=>20xTHF,NA,4
LAB:50xEPO-75xNCS=>50xNR,EPO,50
LAB:50xEPO-75xNCS=>50xNR,NCS,75
MCA:1xAL-8xDCS-2xSFK=>8xFAN,AL,1
MCA:1xAL-8xDCS-2xSFK=>8xFAN,DCS,8
MCA:1xAL-8xDCS-2xSFK=>8xFAN,SFK,2
MCA:3xGL-1xLCR=>1xDIS,GL,3
MCA:3xGL-1xLCR=>1xDIS,LCR,1
MCA:5xDCS-5xLDI-1xRG=>5xHD,DCS,5
MCA:5xDCS-5xLDI-1xRG=>5xHD,LDI,5
MCA:5xDCS-5xLDI-1xRG=>5xHD,RG,1
MCA:4xMPC-4xPSM-4xRAM-4xSFK=>4xMB,MPC,4
MCA:4xMPC-4xPSM-4xRAM-4xSFK=>4xMB,PSM,4
MCA:4xMPC-4xPSM-4xRAM-4xSFK=>4xMB,RAM,4
MCA:4xMPC-4xPSM-4xRAM-4xSFK=>4xMB,SFK,4
ORC:1xDDT-20xH2O-2xSOI=>10xPIB,DDT,1
ORC:1xDDT-20xH2O-2xSOI=>10xPIB,H2O,20
ORC:1xDDT-20xH2O-2xSOI=>10xPIB,SOI,2
ORC:1xDDT-30xH2O-3xSOI=>5xGRA,DDT,1
ORC:1xDDT-30xH2O-3xSOI=>5xGRA,H2O,30
ORC:1xDDT-30xH2O-3xSOI=>5xGRA,SOI,3
ORC:1xDDT-30xH2O=>10xPIB,DDT,1
ORC:1xDDT-30xH2O=>10xPIB,H2O,30
ORC:1xDDT-40xH2O=>5xGRA,DDT,1
ORC:1xDDT-40xH2O=>5xGRA,H2O,40
ORC:2xDDT-40xH2O-4xSOI=>15xHOP,DDT,2
ORC:2xDDT-40xH2O-4xSOI=>15xHOP,H2O,40
ORC:2xDDT-40xH2O-4xSOI=>15xHOP,SOI,4
ORC:2xDDT-60xH2O=>15xHOP,DDT,2
ORC:2xDDT-60xH2O=>15xHOP,H2O,60
PHF:1xBSC-2xDCM-4xMFK-20xREA=>1xADR,BSC,1
PHF:1xBSC-2xDCM-4xMFK-20xREA=>1xADR,DCM,2
PHF:1xBSC-2xDCM-4xMFK-20xREA=>1xADR,MFK,4
PHF:1xBSC-2xDCM-4xMFK-20xREA=>1xADR,REA,20
PHF:1xDCM-1xMFK-1xSAR=>1xBSC,DCM,1
PHF:1xDCM-1xMFK-1xSAR=>1xBSC,MFK,1
PHF:1xDCM-1xMFK-1xSAR=>1xBSC,SAR,1
PHF:1xNL-1xSIL=>20xBND,NL,1
PHF:1xNL-1xSIL=>20xBND,SIL,1
PHF:2xCA-4xLI-10xREA=>10xPK,CA,2
PHF:2xCA-4xLI-10xREA=>10xPK,LI,4
PHF:2xCA-4xLI-10xREA=>10xPK,REA,10
POL:70xEPO-150xPG=>1xDEC,EPO,70
POL:70xEPO-150xPG=>1xDEC,PG,150
POL:1xC-1xCL-1xH-1xO=>50xEPO,C,1
POL:1xC-1xCL-1xH-1xO=>50xEPO,CL,1
POL:1xC-1xCL-1xH-1xO=>50xEPO,H,1
POL:1xC-1xCL-1xH-1xO=>50xEPO,O,1
POL:1xC-1xH-1xMG=>50xPG,C,1
POL:1xC-1xH-1xMG=>50xPG,H,1
POL:1xC-1xH-1xMG=>50xPG,MG,1
PP1:150xPE=>1xBDE,PE,150
PP1:1xFE-2xLST=>1xBSE,FE,1
PP1:1xFE-2xLST=>1xBSE,LST,2
PP1:1xFE-50xPE=>1xBTA,FE,1
PP1:1xFE-50xPE=>1xBTA,PE,50
PP1:2xFE-1xLST=>1xBBH,FE,2
PP1:2xFE-1xLST=>1xBBH,LST,1
PP2:3xAL-120xPG=>1xLSE,AL,3
PP2:3xAL-120xPG=>1xLSE,PG,120
PP2:1xAL-2xLST=>1xBSE,AL,1
PP2:1xAL-2xLST=>1xBSE,LST,2
PP2:1xAL-5xGL=>1xLTA,AL,1
PP2:1xAL-5xGL=>1xLTA,GL,5
PP2:1xAL-1xGL=>1xBTA,AL,1
PP2:1xAL-1xGL=>1xBTA,GL,1
PP2:2xAL-1xLST=>1xBBH,AL,2
PP2:2xAL-1xLST=>1xBBH,LST,1
PP2:3xAL-35xPE=>1xLBH,AL,3
PP2:3xAL-35xPE=>1xLBH,PE,35
PP2:3xAL-1xNL=>1xLDE,AL,3
PP2:3xAL-1xNL=>1xLDE,NL,1
PP2:1xNE-50xPG=>1xAEF,NE,1
PP2:1xNE-50xPG=>1xAEF,PG,50
PP2:75xPG=>1xBDE,PG,75
PP3:1xAR-100xPE-1xTHF=>20xINS,AR,1
PP3:1xAR-100xPE-1xTHF=>20xINS,PE,100
PP3:1xAR-100xPE-1xTHF=>20xINS,THF,1
PP3:1xBBH-50xEPO-1xSTL=>1xRBH,BBH,1
PP3:1xBBH-50xEPO-1xSTL=>1xRBH,EPO,50
PP3:1xBBH-50xEPO-1xSTL=>1xRBH,STL,1
PP3:100xEPO-1xKV-1xLDE=>2xRDE,EPO,100
PP3:100xEPO-1xKV-1xLDE=>2xRDE,KV,1
PP3:100xEPO-1xKV-1xLDE=>2xRDE,LDE,1
PP3:1xLTA-6xRG=>1xRTA,LTA,1
PP3:1xLTA-6xRG=>1xRTA,RG,6
PP3:1xLDE-1xMAG=>1xMGC,LDE,1
PP3:1xLDE-1xMAG=>1xMGC,MAG,1
PP3:250xNFI-1xTI=>1xPSH,NFI,250
PP3:250xNFI-1xTI=>1xPSH,TI,1
PP3:2xBSE-225xEPO-1xSTL=>2xRSE,BSE,2
PP3:2xBSE-225xEPO-1xSTL=>2xRSE,EPO,225
PP3:2xBSE-225xEPO-1xSTL=>2xRSE,STL,1
PP3:2xLSE-1xTCS=>2xHSE,LSE,2
PP3:2xLSE-1xTCS=>2xHSE,TCS,1
PP4:2xLBH-150xPE-2xTHP=>1xTSH,LBH,2
PP4:2xLBH-150xPE-2xTHP=>1xTSH,PE,150
PP4:2xLBH-150xPE-2xTHP=>1xTSH,THP,2
PP4:1xRSE-2xTI=>1xASE,RSE,1
PP4:1xRSE-2xTI=>1xASE,TI,2
PP4:1xNG-1xRTA=>1xATA,NG,1
PP4:1xNG-1xRTA=>1xATA,RTA,1
PP4:1xLST-1xSTL-1xTA=>1xRSH,LST,1
PP4:1xLST-1xSTL-1xTA=>1xRSH,STL,1
PP4:1xLST-1xSTL-1xTA=>1xRSH,TA,1
PP4:2xKV-2xLDE=>2xADE,KV,2
PP4:2xKV-2xLDE=>2xADE,LDE,2
PP4:125xNR-2xRBH=>2xABH,NR,125
PP4:125xNR-2xRBH=>2xABH,RBH,2
PPF:10xPG=>1xPSS,PG,10
PPF:50xPG-1xSFK-10xTHF=>1xLFP,PG,50
PPF:50xPG-1xSFK-10xTHF=>1xLFP,SFK,1
PPF:50xPG-1xSFK-10xTHF=>1xLFP,THF,10
PPF:20xPG=>1xPSM,PG,20
PPF:2xMFK-40xPG-2xPSL=>2xDCL,MFK,2
PPF:2xMFK-40xPG-2xPSL=>2xDCL,PG,40
PPF:2xMFK-40xPG-2xPSL=>2xDCL,PSL,2
PPF:20xPG-2xPSM-8xSFK=>2xDCM,PG,20
PPF:20xPG-2xPSM-8xSFK=>2xDCM,PSM,2
PPF:20xPG-2xPSM-8xSFK=>2xDCM,SFK,8
PPF:40xPG=>1xPSL,PG,40
PPF:10xPG-1xPSS-4xSFK=>2xDCS,PG,10
PPF:10xPG-1xPSS-4xSFK=>2xDCS,PSS,1
PPF:10xPG-1xPSS-4xSFK=>2xDCS,SFK,4
REF:1xAMM-2xGAL-3xH=>100xSF,AMM,1
REF:1xAMM-2xGAL-3xH=>100xSF,GAL,2
REF:1xAMM-2xGAL-3xH=>100xSF,H,3
REF:1xAMM-5xNAB=>150xSF,AMM,1
REF:1xAMM-5xNAB=>150xSF,NAB,5
REF:4xH-2xHE3=>100xFF,H,4
REF:4xH-2xHE3=>100xFF,HE3,2
REF:3xTS=>2xHE3,TS,3
SCA:10xBGC-10xPSS-10xSI=>10xROM,BGC,10
SCA:10xBGC-10xPSS-10xSI=>10xROM,PSS,10
SCA:10xBGC-10xPSS-10xSI=>10xROM,SI,10
SCA:10xBCO-10xSWF-10xTRN=>10xMPC,BCO,10
SCA:10xBCO-10xSWF-10xTRN=>10xMPC,SWF,10
SCA:10xBCO-10xSWF-10xTRN=>10xMPC,TRN,10
SCA:5xBCO-1xBGO-60xPE-10xSWF=>5xPCB,BCO,5
SCA:5xBCO-1xBGO-60xPE-10xSWF=>5xPCB,BGO,1
SCA:5xBCO-1xBGO-60xPE-10xSWF=>5xPCB,PE,60
SCA:5xBCO-1xBGO-60xPE-10xSWF=>5xPCB,SWF,10
SCA:10xH-10xN-20xTRN=>20xSEN,H,10
SCA:10xH-10xN-20xTRN=>20xSEN,N,10
SCA:10xH-10xN-20xTRN=>20xSEN,TRN,20
SCA:4xCAP-4xHCC-4xMWF-4xTRN=>4xTPU,CAP,4
SCA:4xCAP-4xHCC-4xMWF-4xTRN=>4xTPU,HCC,4
SCA:4xCAP-4xHCC-4xMWF-4xTRN=>4xTPU,MWF,4
SCA:4xCAP-4xHCC-4xMWF-4xTRN=>4xTPU,TRN,4
SCA:6xBCO-6xCAP-6xPSS=>6xRAM,BCO,6
SCA:6xBCO-6xCAP-6xPSS=>6xRAM,CAP,6
SCA:6xBCO-6xCAP-6xPSS=>6xRAM,PSS,6
SE:1xBAI-1xMLI=>1xNN,BAI,1
SE:1xBAI-1xMLI=>1xNN,MLI,1
SE:1xLD-1xROM-1xWM=>1xOS,LD,1
SE:1xLD-1xROM-1xWM=>1xOS,ROM,1
SE:1xLD-1xROM-1xWM=>1xOS,WM,1
SE:1xLD-1xNF=>1xDD,LD,1
SE:1xLD-1xNF=>1xDD,NF,1
SE:1xLD-1xROM-1xSA-1xSAL=>1xDA,LD,1
SE:1xLD-1xROM-1xSA-1xSAL=>1xDA,ROM,1
SE:1xLD-1xROM-1xSA-1xSAL=>1xDA,SA,1
SE:1xLD-1xROM-1xSA-1xSAL=>1xDA,SAL,1
SKF:100xAST-100xFET-20xMFK=>1xWCB,AST,100
SKF:100xAST-100xFET-20xMFK=>1xWCB,FET,100
SKF:100xAST-100xFET-20xMFK=>1xWCB,MFK,20
SKF:100xAST-16xMFK=>1xMCB,AST,100
SKF:100xAST-16xMFK=>1xMCB,MFK,16
SKF:4xMFK-10xZR=>1xMFL,MFK,4
SKF:4xMFK-10xZR=>1xMFL,ZR,10
SKF:125xFET-8xMFK=>1xLSL,FET,125
SKF:125xFET-8xMFK=>1xLSL,MFK,8
SKF:200xAST-20xMFK=>1xLCB,AST,200
SKF:200xAST-20xMFK=>1xLCB,MFK,20
SKF:200xFET-20xMFK=>1xVCB,FET,200
SKF:200xFET-20xMFK=>1xVCB,MFK,20
SKF:20xFE-4xMFK=>1xTCB,FE,20
SKF:20xFE-4xMFK=>1xTCB,MFK,4
SKF:2xMFK-20xTI=>1xSSL,MFK,2
SKF:2xMFK-20xTI=>1xSSL,TI,20
SKF:8xMFK-20xZR=>1xLFL,MFK,8
SKF:8xMFK-20xZR=>1xLFL,ZR,20
SKF:35xFE-8xMFK=>1xVSC,FE,35
SKF:35xFE-8xMFK=>1xVSC,MFK,8
SKF:50xFAL-12xMFK=>1xSCB,FAL,50
SKF:50xFAL-12xMFK=>1xSCB,MFK,12
SKF:50xFET-4xMFK=>1xMSL,FET,50
SKF:50xFET-4xMFK=>1xMSL,MFK,4
SKF:1xMFK-5xZR=>1xSFL,MFK,1
SKF:1xMFK-5xZR=>1xSFL,ZR,5
SL:1xDA-1xDD=>1xIMM,DA,1
SL:1xDA-1xDD=>1xIMM,DD,1
SL:1xNN-1xROM=>1xWAI,NN,1
SL:1xNN-1xROM=>1xWAI,ROM,1
SL:1xDV-1xIMM-1xWAI=>2xSNM,DV,1
SL:1xDV-1xIMM-1xWAI=>2xSNM,IMM,1
SL:1xDV-1xIMM-1xWAI=>2xSNM,WAI,1
SME:4xHAL-10xLIO=>4xLI,HAL,4
SME:4xHAL-10xLIO=>4xLI,LIO,10
SME:3xAUO-1xC=>2xAU,AUO,3
SME:3xAUO-1xC=>2xAU,C,1
SME:1xO-1xSCR=>6xS,O,1
SME:1xO-1xSCR=>6xS,SCR,1
SME:2xFE-8xO=>2xSTL,FE,2
SME:2xFE-8xO=>2xSTL,O,8
SME:1xAL-3xSIO=>1xSI,AL,1
SME:1xAL-3xSIO=>1xSI,SIO,3
SME:1xC-1xFLX-1xO-3xSIO=>1xSI,C,1
SME:1xC-1xFLX-1xO-3xSIO=>1xSI,FLX,1
SME:1xC-1xFLX-1xO-3xSIO=>1xSI,O,1
SME:1xC-1xFLX-1xO-3xSIO=>1xSI,SIO,3
SME:1xC-1xO-3xSIO=>1xSI,C,1
SME:1xC-1xO-3xSIO=>1xSI,O,1
SME:1xC-1xO-3xSIO=>1xSI,SIO,3
SME:4xAL-2xO-1xSI=>1xCF,AL,4
SME:4xAL-2xO-1xSI=>1xCF,O,2
SME:4xAL-2xO-1xSI=>1xCF,SI,1
SME:1xC-1xO-4xTIO=>2xTI,C,1
SME:1xC-1xO-4xTIO=>2xTI,O,1
SME:1xC-1xO-4xTIO=>2xTI,TIO,4
SME:1xAL-1xO-4xTS=>1xSI,AL,1
SME:1xAL-1xO-4xTS=>1xSI,O,1
SME:1xAL-1xO-4xTS=>1xSI,TS,4
SME:5xCUO-10xO-1xSIO=>3xCU,CUO,5
SME:5xCUO-10xO-1xSIO=>3xCU,O,10
SME:5xCUO-10xO-1xSIO=>3xCU,SIO,1
SME:6xALO-1xC-1xO=>3xAL,ALO,6
SME:6xALO-1xC-1xO=>3xAL,C,1
SME:6xALO-1xC-1xO=>3xAL,O,1
SME:6xALO-1xC-1xFLX-1xO=>4xAL,ALO,6
SME:6xALO-1xC-1xFLX-1xO=>4xAL,C,1
SME:6xALO-1xC-1xFLX-1xO=>4xAL,FLX,1
SME:6xALO-1xC-1xFLX-1xO=>4xAL,O,1
SME:1xC-6xFEO-1xFLX-1xO=>4xFE,C,1
SME:1xC-6xFEO-1xFLX-1xO=>4xFE,FEO,6
SME:1xC-6xFEO-1xFLX-1xO=>4xFE,FLX,1
SME:1xC-6xFEO-1xFLX-1xO=>4xFE,O,1
SME:1xC-6xFEO-1xO=>3xFE,C,1
SME:1xC-6xFEO-1xO=>3xFE,FEO,6
SME:1xC-6xFEO-1xO=>3xFE,O,1
SPF:1xCHA-10xFAL-2xMFK=>1xNOZ,CHA,1
SPF:1xCHA-10xFAL-2xMFK=>1xNOZ,FAL,10
SPF:1xCHA-10xFAL-2xMFK=>1xNOZ,MFK,2
SPF:1xCBM-1xFIR-20xSTL=>1xHPR,CBM,1
SPF:1xCBM-1xFIR-20xSTL=>1xHPR,FIR,1
SPF:1xCBM-1xFIR-20xSTL=>1xHPR,STL,20
SPF:10xAST-1xCBS-1xRAG=>1xRCT,AST,10
SPF:10xAST-1xCBS-1xRAG=>1xRCT,CBS,1
SPF:10xAST-1xCBS-1xRAG=>1xRCT,RAG,1
SPF:20xBGO-1xCBS-1xRAG=>1xQCR,BGO,20
SPF:20xBGO-1xCBS-1xRAG=>1xQCR,CBS,1
SPF:20xBGO-1xCBS-1xRAG=>1xQCR,RAG,1
SPF:10xATP-50xPG-1xSFK=>1xAFP,ATP,10
SPF:10xATP-50xPG-1xSFK=>1xAFP,PG,50
SPF:10xATP-50xPG-1xSFK=>1xAFP,SFK,1
SPF:50xPG-1xSFK-5xTHP=>1xBFP,PG,50
SPF:50xPG-1xSFK-5xTHP=>1xBFP,SFK,1
SPF:50xPG-1xSFK-5xTHP=>1xBFP,THP,5
SPF:1xCHA-20xFET-4xMFK=>1xANZ,CHA,1
SPF:1xCHA-20xFET-4xMFK=>1xANZ,FET,20
SPF:1xCHA-20xFET-4xMFK=>1xANZ,MFK,4
SPF:1xCHA-4xMFK-20xWAL=>1xHNZ,CHA,1
SPF:1xCHA-4xMFK-20xWAL=>1xHNZ,MFK,4
SPF:1xCHA-4xMFK-20xWAL=>1xHNZ,WAL,20
SPF:1xCBL-2xFIR-20xWAL=>1xHYR,CBL,1
SPF:1xCBL-2xFIR-20xWAL=>1xHYR,FIR,2
SPF:1xCBL-2xFIR-20xWAL=>1xHYR,WAL,20
SPF:1xACS-4xAFP-4xANZ-20xFET-1xMFK=>1xAEN,ACS,1
SPF:1xACS-4xAFP-4xANZ-20xFET-1xMFK=>1xAEN,AFP,4
SPF:1xACS-4xAFP-4xANZ-20xFET-1xMFK=>1xAEN,ANZ,4
SPF:1xACS-4xAFP-4xANZ-20xFET-1xMFK=>1xAEN,FET,20
SPF:1xACS-4xAFP-4xANZ-20xFET-1xMFK=>1xAEN,MFK,1
SPF:1xACS-10xAST-4xBFP-1xMFK-4xNOZ=>1xENG,ACS,1
SPF:1xACS-10xAST-4xBFP-1xMFK-4xNOZ=>1xENG,AST,10
SPF:1xACS-10xAST-4xBFP-1xMFK-4xNOZ=>1xENG,BFP,4
SPF:1xACS-10xAST-4xBFP-1xMFK-4xNOZ=>1xENG,MFK,1
SPF:1xACS-10xAST-4xBFP-1xMFK-4xNOZ=>1xENG,NOZ,4
SPF:1xACS-25xBRO-6xLFP-1xMFK-6xNOZ=>1xFSE,ACS,1
SPF:1xACS-25xBRO-6xLFP-1xMFK-6xNOZ=>1xFSE,BRO,25
SPF:1xACS-25xBRO-6xLFP-1xMFK-6xNOZ=>1xFSE,LFP,6
SPF:1xACS-25xBRO-6xLFP-1xMFK-6xNOZ=>1xFSE,MFK,1
SPF:1xACS-25xBRO-6xLFP-1xMFK-6xNOZ=>1xFSE,NOZ,6
SPF:1xACS-8xAFP-4xHNZ-1xMFK-20xWAL=>1xHTE,ACS,1
SPF:1xACS-8xAFP-4xHNZ-1xMFK-20xWAL=>1xHTE,AFP,8
SPF:1xACS-8xAFP-4xHNZ-1xMFK-20xWAL=>1xHTE,HNZ,4
SPF:1xACS-8xAFP-4xHNZ-1xMFK-20xWAL=>1xHTE,MFK,1
SPF:1xACS-8xAFP-4xHNZ-1xMFK-20xWAL=>1xHTE,WAL,20
SPP:20xAST-100xPG-8xTK=>1xAGS,AST,20
SPP:20xAST-100xPG-8xTK=>1xAGS,PG,100
SPP:20xAST-100xPG-8xTK=>1xAGS,TK,8
SPP:5xATP-30xTHF=>10xAPT,ATP,5
SPP:5xATP-30xTHF=>10xAPT,THF,30
SPP:2xKV-5xLST=>10xBRP,KV,2
SPP:2xKV-5xLST=>10xBRP,LST,5
SPP:5xLST-2xTK=>8xARP,LST,5
SPP:5xLST-2xTK=>8xARP,TK,2
SPP:5xLST-5xTA-5xW=>8xSRP,LST,5
SPP:5xLST-5xTA-5xW=>8xSRP,TA,5
SPP:5xLST-5xTA-5xW=>8xSRP,W,5
SPP:20xTHF-5xTHP=>10xBPT,THF,20
SPP:20xTHF-5xTHP=>10xBPT,THP,5
SPP:14xFAL-4xKV-80xPG=>1xBGS,FAL,14
SPP:14xFAL-4xKV-80xPG=>1xBGS,KV,4
SPP:14xFAL-4xKV-80xPG=>1xBGS,PG,80
TNP:4xFLX-4xREA-1xTC=>1xETC,FLX,4
TNP:4xFLX-4xREA-1xTC=>1xETC,REA,4
TNP:4xFLX-4xREA-1xTC=>1xETC,TC,1
TNP:1xTCO=>1xO-1xTC,TCO,1
TNP:1xTC=>3xTCS,TC,1
UPF:1xCOM-10xFET-1xNV1-10xPSL-20xPSM-5xSAR=>1xBR1,COM,1
UPF:1xCOM-10xFET-1xNV1-10xPSL-20xPSM-5xSAR=>1xBR1,FET,10
UPF:1xCOM-10xFET-1xNV1-10xPSL-20xPSM-5xSAR=>1xBR1,NV1,1
UPF:1xCOM-10xFET-1xNV1-10xPSL-20xPSM-5xSAR=>1xBR1,PSL,10
UPF:1xCOM-10xFET-1xNV1-10xPSL-20xPSM-5xSAR=>1xBR1,PSM,20
UPF:1xCOM-10xFET-1xNV1-10xPSL-20xPSM-5xSAR=>1xBR1,SAR,5
UPF:1xCOM-10xFET-1xNV2-10xPSL-20xPSM-10xSAR=>1xBR2,COM,1
UPF:1xCOM-10xFET-1xNV2-10xPSL-20xPSM-10xSAR=>1xBR2,FET,10
UPF:1xCOM-10xFET-1xNV2-10xPSL-20xPSM-10xSAR=>1xBR2,NV2,1
UPF:1xCOM-10xFET-1xNV2-10xPSL-20xPSM-10xSAR=>1xBR2,PSL,10
UPF:1xCOM-10xFET-1xNV2-10xPSL-20xPSM-10xSAR=>1xBR2,PSM,20
UPF:1xCOM-10xFET-1xNV2-10xPSL-20xPSM-10xSAR=>1xBR2,SAR,10
UPF:10xDEC-1xLIS-10xPSL-20xPSM-1xTCU-10xTI=>1xCQM,DEC,10
UPF:10xDEC-1xLIS-10xPSL-20xPSM-1xTCU-10xTI=>1xCQM,LIS,1
UPF:10xDEC-1xLIS-10xPSL-20xPSM-1xTCU-10xTI=>1xCQM,PSL,10
UPF:10xDEC-1xLIS-10xPSL-20xPSM-1xTCU-10xTI=>1xCQM,PSM,20
UPF:10xDEC-1xLIS-10xPSL-20xPSM-1xTCU-10xTI=>1xCQM,TCU,1
UPF:10xDEC-1xLIS-10xPSL-20xPSM-1xTCU-10xTI=>1xCQM,TI,10
UPF:10xPSL-20xPSM-4xRAD-5xSAR-10xTI=>1xBRS,PSL,10
UPF:10xPSL-20xPSM-4xRAD-5xSAR-10xTI=>1xBRS,PSM,20
UPF:10xPSL-20xPSM-4xRAD-5xSAR-10xTI=>1xBRS,RAD,4
UPF:10xPSL-20xPSM-4xRAD-5xSAR-10xTI=>1xBRS,SAR,5
UPF:10xPSL-20xPSM-4xRAD-5xSAR-10xTI=>1xBRS,TI,10
UPF:1xCOM-10xPSL-4xSAR=>1xDOU,COM,1
UPF:1xCOM-10xPSL-4xSAR=>1xDOU,PSL,10
UPF:1xCOM-10xPSL-4xSAR=>1xDOU,SAR,4
UPF:1xADR-12xPSL-8xPSM=>1xTCU,ADR,1
UPF:1xADR-12xPSL-8xPSM=>1xTCU,PSL,12
UPF:1xADR-12xPSL-8xPSM=>1xTCU,PSM,8
UPF:1xBID-1xBWS-4xPCB-8xPSL=>1xFUN,BID,1
UPF:1xBID-1xBWS-4xPCB-8xPSL=>1xFUN,BWS,1
UPF:1xBID-1xBWS-4xPCB-8xPSL=>1xFUN,PCB,4
UPF:1xBID-1xBWS-4xPCB-8xPSL=>1xFUN,PSL,8
UPF:1xDA-10xPSL-6xPSM-1xWS=>1xLU,DA,1
UPF:1xDA-10xPSL-6xPSM-1xWS=>1xLU,PSL,10
UPF:1xDA-10xPSL-6xPSM-1xWS=>1xLU,PSM,6
UPF:1xDA-10xPSL-6xPSM-1xWS=>1xLU,WS,1
UPF:20xDEC-20xFET-1xLIS-20xPSL-30xPSM-1xTCU=>1xCQL,DEC,20
UPF:20xDEC-20xFET-1xLIS-20xPSL-30xPSM-1xTCU=>1xCQL,FET,20
UPF:20xDEC-20xFET-1xLIS-20xPSL-30xPSM-1xTCU=>1xCQL,LIS,1
UPF:20xDEC-20xFET-1xLIS-20xPSL-30xPSM-1xTCU=>1xCQL,PSL,20
UPF:20xDEC-20xFET-1xLIS-20xPSL-30xPSM-1xTCU=>1xCQL,PSM,30
UPF:20xDEC-20xFET-1xLIS-20xPSL-30xPSM-1xTCU=>1xCQL,TCU,1
UPF:20xPSL-30xPSM-4xSRD=>1xRDS,PSL,20
UPF:20xPSL-30xPSM-4xSRD=>1xRDS,PSM,30
UPF:20xPSL-30xPSM-4xSRD=>1xRDS,SRD,4
UPF:20xPSL-12xPSM-6xUTS=>1xWOR,PSL,20
UPF:20xPSL-12xPSM-6xUTS=>1xWOR,PSM,12
UPF:20xPSL-12xPSM-6xUTS=>1xWOR,UTS,6
UPF:5xAL-1xBMF-1xDEC-2xPSL-5xPSM-1xTCU=>1xCQT,AL,5
UPF:5xAL-1xBMF-1xDEC-2xPSL-5xPSM-1xTCU=>1xCQT,BMF,1
UPF:5xAL-1xBMF-1xDEC-2xPSL-5xPSM-1xTCU=>1xCQT,DEC,1
UPF:5xAL-1xBMF-1xDEC-2xPSL-5xPSM-1xTCU=>1xCQT,PSL,2
UPF:5xAL-1xBMF-1xDEC-2xPSL-5xPSM-1xTCU=>1xCQT,PSM,5
UPF:5xAL-1xBMF-1xDEC-2xPSL-5xPSM-1xTCU=>1xCQT,TCU,1
UPF:30xPSL-50xPSM-8xSRD=>1xRDL,PSL,30
UPF:30xPSL-50xPSM-8xSRD=>1xRDL,PSM,50
UPF:30xPSL-50xPSM-8xSRD=>1xRDL,SRD,8
UPF:2xBSC-10xNG-12xPSL-8xPSM-4xSEQ=>1xSU,BSC,2
UPF:2xBSC-10xNG-12xPSL-8xPSM-4xSEQ=>1xSU,NG,10
UPF:2xBSC-10xNG-12xPSL-8xPSM-4xSEQ=>1xSU,PSL,12
UPF:2xBSC-10xNG-12xPSL-8xPSM-4xSEQ=>1xSU,PSM,8
UPF:2xBSC-10xNG-12xPSL-8xPSM-4xSEQ=>1xSU,SEQ,4
UPF:2xDEC-5xFAL-1xLIS-5xPSL-10xPSM-1xTCU=>1xCQS,DEC,2
UPF:2xDEC-5xFAL-1xLIS-5xPSL-10xPSM-1xTCU=>1xCQS,FAL,5
UPF:2xDEC-5xFAL-1xLIS-5xPSL-10xPSM-1xTCU=>1xCQS,LIS,1
UPF:2xDEC-5xFAL-1xLIS-5xPSL-10xPSM-1xTCU=>1xCQS,PSL,5
UPF:2xDEC-5xFAL-1xLIS-5xPSL-10xPSM-1xTCU=>1xCQS,PSM,10
UPF:2xDEC-5xFAL-1xLIS-5xPSL-10xPSM-1xTCU=>1xCQS,TCU,1
UPF:6xBBH-10xBDE-10xBSE-50xSOI=>1xHAB,BBH,6
UPF:6xBBH-10xBDE-10xBSE-50xSOI=>1xHAB,BDE,10
UPF:6xBBH-10xBDE-10xBSE-50xSOI=>1xHAB,BSE,10
UPF:6xBBH-10xBDE-10xBSE-50xSOI=>1xHAB,SOI,50
WEL:10xBOS-1xGV-1xHE=>1xCHA,BOS,10
WEL:10xBOS-1xGV-1xHE=>1xCHA,GV,1
WEL:10xBOS-1xGV-1xHE=>1xCHA,HE,1
WEL:1xAL-1xBSE-1xHE=>1xFC,AL,1
WEL:1xAL-1xBSE-1xHE=>1xFC,BSE,1
WEL:1xAL-1xBSE-1xHE=>1xFC,HE,1
WEL:1xAL-1xHE=>1xGV,AL,1
WEL:1xAL-1xHE=>1xGV,HE,1
WEL:1xAL-1xFE-1xHE=>10xGC,AL,1
WEL:1xAL-1xFE-1xHE=>10xGC,FE,1
WEL:1xAL-1xFE-1xHE=>10xGC,HE,1
WEL:1xAL-1xFE-1xHE=>6xFLP,AL,1
WEL:1xAL-1xFE-1xHE=>6xFLP,FE,1
WEL:1xAL-1xFE-1xHE=>6xFLP,HE,1
WEL:1xFE-1xHE-1xI=>1xMHL,FE,1
WEL:1xFE-1xHE-1xI=>1xMHL,HE,1
WEL:1xFE-1xHE-1xI=>1xMHL,I,1
WEL:2xAL-1xHE-20xNFI=>6xSSC,AL,2
WEL:2xAL-1xHE-20xNFI=>6xSSC,HE,1
WEL:2xAL-1xHE-20xNFI=>6xSSC,NFI,20
WEL:2xAL-1xHE=>6xTRU,AL,2
WEL:2xAL-1xHE=>6xTRU,HE,1
WEL:2xBE-2xCF-1xHE=>4xTHP,BE,2
WEL:2xBE-2xCF-1xHE=>4xTHP,CF,2
WEL:2xBE-2xCF-1xHE=>4xTHP,HE,1
WEL:6xAL-1xHE=>1xDRF,AL,6
WEL:6xAL-1xHE=>1xDRF,HE,1
WPL:1xKV-1xTC=>1xTK,KV,1
WPL:1xKV-1xTC=>1xTK,TC,1
WPL:1xRCO=>1xCOT,RCO,1
WPL:1xRSI=>1xSIL,RSI,1
WPL:50xPG=>1xNL,PG,50
WPL:75xPG-5xTCL=>1xKV,PG,75
WPL:75xPG-5xTCL=>1xKV,TCL,5
